Workbook
Name PersonNames: 人物主表!$B$3:$B$85

Sheet 人物主表
A1: AI 人物追踪表(2026-09)
A2: 序号 | B2: 姓名 | C2: 外号/昵称 | D2: 英文名 | E2: 机构与职位 | F2: 圈层 | G2: 国别 | H2: 观点立场 | I2: 立场变化 | J2: 代表事件 | K2: 发声渠道 | L2: 关注优先级 | M2: 言论数 | N2: 备注
A3: 1 | B3: 奥特曼 | D3: Sam Altman | E3: OpenAI CEO | F3: AI领军 | G3: 海外 | H3: AGI加速+监管叙事并行 | I3: 2023谨慎叙事→2025《温和奇点》乐观加速 | J3: 2023.11被董事会解雇,5天后回归 | K3: X @sama;博客 samaltman.com | L3: =COUNTIF(言论库!B:B,B3) | M3: 高
A4: 2 | B4: 马斯克 | D4: Elon Musk | E4: xAI创始人;Tesla/SpaceX CEO | F4: AI领军 | G4: 海外 | H4: 风险警告+开源加速并行 | I4: 2015联创OpenAI→2018退出→2024起诉OpenAI | J4: xAI Grok;2024起诉OpenAI违背使命 | K4: X @elonmusk | L4: =COUNTIF(言论库!B:B,B4) | M4: 高
A5: 3 | B5: 阿莫迪 | D5: Dario Amodei | E5: Anthropic CEO | F5: AI领军 | G5: 海外 | H5: 安全派:强AI或2026-2027到来 | I5: 2021带团队离开OpenAI创立Anthropic | J5: 《Machines of Loving Grace》技术乐观路线图 | K5: X @DarioAmodei;官网长文 | L5: =COUNTIF(言论库!B:B,B5) | M5: 高
A6: 4 | B6: 哈萨比斯 | D6: Demis Hassabis | E6: Google DeepMind CEO | F6: AI领军 | G6: 海外 | H6: 谨慎推进:AGI或2030前后 | I6: AlphaGo→AlphaFold→诺奖 | J6: 2024诺贝尔化学奖(AlphaFold) | K6: X @DemisHassabis | L6: =COUNTIF(言论库!B:B,B6) | M6: 高
A7: 5 | B7: 苏茨克维 | D7: Ilya Sutskever | E7: SSI(安全超级智能)创始人 | F7: AI领军 | G7: 海外 | H7: 安全优先:先对齐后加速 | I7: 2023参与罢免奥特曼→2024离开→创立SSI | J7: NeurIPS 2024「预训练时代将终结」 | K7: X @ilyasut | L7: =COUNTIF(言论库!B:B,B7) | M7: 高
A8: 6 | B8: 卡帕西 | D8: Andrej Karpathy | E8: Eureka Labs创始人;前Tesla AI总监 | F8: 技术大神 | G8: 海外 | H8: 教育实用派 | I8: OpenAI创始成员→Tesla→AI教育创业 | J8: 「LLM OS」概念;Eureka Labs | K8: X @karpathy;YouTube/博客 | L8: =COUNTIF(言论库!B:B,B8) | M8: 高
A9: 7 | B9: 杨立昆 | D9: Yann LeCun | E9: Meta首席AI科学家 | F9: 技术大神 | G9: 海外 | H9: 反末日论+开源派 | I9: 2023-2024持续炮轰LLM路线 | J9: 2018图灵奖;公开论战AI末日论 | K9: X @ylecun | L9: =COUNTIF(言论库!B:B,B9) | M9: 高
A10: 8 | B10: 辛顿 | D10: Geoffrey Hinton | E10: 多伦多大学;前Google | F10: 技术大神 | G10: 海外 | H10: 风险警告派:AI或失控 | I10: 2023从Google离职以自由发声 | J10: 2024诺贝尔物理学奖 | K10: X @geoffreyhinton;访谈为主 | L10: =COUNTIF(言论库!B:B,B10) | M10: 高 | N10: 灭绝概率说法多变体,引用前核实
A11: 9 | B11: 本吉奥 | D11: Yoshua Bengio | E11: Mila创始人;蒙特利尔大学 | F11: 技术大神 | G11: 海外 | H11: 安全派:国际监管 | I11: 2018图灵奖→重心转向AI安全 | J11: 2024主导《国际AI安全报告》 | K11: X @YoshuaBengio;Mila官网 | L11: =COUNTIF(言论库!B:B,B11) | M11: 中
A12: 10 | B12: 李飞飞 | D12: Fei-Fei Li | E12: 斯坦福;World Labs创始人 | F12: 学者 | G12: 海外 | H12: 空间智能+务实 | I12: ImageNet→空间智能创业 | J12: ImageNet之母;2024创立World Labs | K12: X @drfeifei | L12: =COUNTIF(言论库!B:B,B12) | M12: 高
A13: 11 | B13: 吴恩达 | D13: Andrew Ng | E13: DeepLearning.AI创始人;斯坦福 | F13: 学者 | G13: 海外 | H13: 实用乐观:AI平民化 | I13: Google Brain→Coursera→AI教育 | J13: 「AI is the new electricity」 | K13: X @AndrewYNg;The Batch 周报 | L13: =COUNTIF(言论库!B:B,B13) | M13: 中
A14: 12 | B14: 黄仁勋 | D14: Jensen Huang | E14: NVIDIA CEO | F14: 芯片硬件 | G14: 海外 | H14: 加速派:算力即生产力 | I14: 图形芯片→AI算力霸主 | J14: CUDA生态;GTC大会 | K14: GTC/COMPUTEX 主题演讲 | L14: =COUNTIF(言论库!B:B,B14) | M14: 高
A15: 13 | B15: 皮查伊 | D15: Sundar Pichai | E15: Google CEO | F15: AI领军 | G15: 海外 | H15: 谨慎推进 | I15: 搜索→AI全线整合 | J15: Gemini全线整合 | K15: X @sundarpichai | L15: =COUNTIF(言论库!B:B,B15) | M15: 中
A16: 14 | B16: 纳德拉 | D16: Satya Nadella | E16: 微软CEO | F16: AI领军 | G16: 海外 | H16: 商业实用派 | I16: 云优先→AI优先 | J16: 百亿美元投OpenAI;Copilot全线 | K16: X @satyanadella | L16: =COUNTIF(言论库!B:B,B16) | M16: 中
A17: 15 | B17: 安德森 | D17: Marc Andreessen | E17: a16z联创 | F17: 投资圈 | G17: 海外 | H17: 技术乐观加速派:反监管 | I17: 互联网投资→AI重注 | J17: 2023.6《Why AI Will Save the World》 | K17: X @pmarca;a16z 博客/播客 | L17: =COUNTIF(言论库!B:B,B17) | M17: 高
A18: 16 | B18: 霍夫曼 | D18: Reid Hoffman | E18: LinkedIn联创;Greylock | F18: 投资圈 | G18: 海外 | H18: 乐观实用:AI放大人 | I18: OpenAI早期董事→持续布道 | J18: 《Impromptu》《Superagency》 | K18: X @reidhoffman;播客/著作 | L18: =COUNTIF(言论库!B:B,B18) | M18: 中
A19: 17 | B19: 科斯拉 | D19: Vinod Khosla | E19: Khosla Ventures创始人 | F19: 投资圈 | G19: 海外 | H19: 乐观但有条件警告 | I19: 2019早期承诺10亿美元投资OpenAI | J19: OpenAI最早机构投资人 | K19: X @vkhosla | L19: =COUNTIF(言论库!B:B,B19) | M19: 中
A20: 18 | B20: 李开复 | D20: Kai-Fu Lee | E20: 零一万物创始人;创新工场董事长 | F20: 投资圈 | G20: 国内 | H20: 实用派:应用层机会 | I20: 微软/谷歌高管→创业孵化→大模型 | J20: 2024「大模型十巨头」论 | K20: X @kaifulee;微博同名 | L20: =COUNTIF(言论库!B:B,B20) | M20: 高
A21: 19 | B21: 梁文锋 | D21: Liang Wenfeng | E21: DeepSeek创始人 | F21: AI领军 | G21: 国内 | H21: 极简务实:开源+低成本 | I21: 幻方量化→DeepSeek | J21: 2025.1 R1发布,引发全球关注 | K21: (极少公开)访谈为主 | L21: =COUNTIF(言论库!B:B,B21) | M21: 高 | N21: 极少发声,素材靠访谈转载
A22: 20 | B22: 杨植麟 | D22: Yang Zhilin | E22: 月之暗面(Kimi)创始人 | F22: AI领军 | G22: 国内 | H22: 技术信仰派 | I22: 清华→卡内基梅隆→创业 | J22: Kimi长上下文 | K22: (极少公开)官方渠道 | L22: =COUNTIF(言论库!B:B,B22) | M22: 高
A23: 21 | B23: 王小川 | D23: Wang Xiaochuan | E23: 百川智能创始人 | F23: AI领军 | G23: 国内 | H23: AGI+生命科学派 | I23: 搜狗CEO→二次创业 | J23: 搜狗出售后转型AGI | K23: 微博@王小川 | L23: =COUNTIF(言论库!B:B,B23) | M23: 中
A24: 22 | B24: 李彦宏 | D24: Robin Li | E24: 百度创始人 | F24: AI领军 | G24: 国内 | H24: 应用务实派 | I24: 搜索→文心一言→萝卜快跑 | J24: 2023.3文心一言国内首发 | K24: (无个人账号)发布会为主 | L24: =COUNTIF(言论库!B:B,B24) | M24: 高 | N24: 闭源言论有争议,引用需上下文
A25: 23 | B25: 周靖人 | D25: Zhou Jingren | E25: 阿里云CTO;通义千问负责人 | F25: AI领军 | G25: 国内 | H25: 开源生态派 | I25: 阿里达摩院→通义千问 | J25: Qwen系列开源全球领跑 | K25: (无个人账号)通义官方 | L25: =COUNTIF(言论库!B:B,B25) | M25: 中
A26: 24 | B26: 朱啸虎 | D26: Zhu Xiaohu | E26: 金沙江创投主管合伙人 | F26: 投资圈 | G26: 国内 | H26: 商业回报务实派 | I26: 2024看空大模型创业→2025拥抱DeepSeek生态 | J26: 「独角兽捕手」 | K26: 微博@朱啸虎;访谈 | L26: =COUNTIF(言论库!B:B,B26) | M26: 中 | N26: 立场反复,注意时间线
A27: 25 | B27: 王兴兴 | D27: Wang Xingxing | E27: 宇树科技创始人 | F27: 机器人 | G27: 国内 | H27: 硬件实干派 | I27: 机器狗→人形机器人 | J27: 2025春晚机器人扭秧歌 | K27: (以采访与官方为主) | L27: =COUNTIF(言论库!B:B,B27) | M27: 高
A28: 26 | B28: 扎克伯格 | D28: Mark Zuckerberg | E28: Meta CEO | F28: 巨头掌门 | G28: 海外 | H28: 开源扩张:Llama 免费开放换生态 | I28: 封闭社交帝国→押注开源大模型 | J28: Llama 3/4 开源;开源闭源路线之争 | K28: Threads @zuck;Meta 官方 | L28: =COUNTIF(言论库!B:B,B28) | M28: 高
A29: 27 | B29: 库克 | D29: Tim Cook | E29: Apple CEO | F29: 巨头掌门 | G29: 海外 | H29: 端侧务实:AI 融入硬件不炫技 | I29: 长期避谈 AI→2024 Apple Intelligence 全线接入 | J29: 2024 WWDC 发布 Apple Intelligence | K29: (极少个人发声)发布会为主 | L29: =COUNTIF(言论库!B:B,B29) | M29: 中
A30: 28 | B30: 贾西 | D30: Andy Jassy | E30: Amazon CEO | F30: 巨头掌门 | G30: 海外 | H30: 基础设施派:AI 是 AWS 的新电力 | I30: 电商运营→All-in AI 云基建 | J30: Bedrock;Trainium 芯片;Nova 模型 | K30: X @ajassy;股东信 | L30: =COUNTIF(言论库!B:B,B30) | M30: 中
A31: 29 | B31: 埃里森 | D31: Larry Ellison | E31: 甲骨文创始人 | F31: 巨头掌门 | G31: 海外 | H31: 激进扩张:AI 数据中心豪赌 | I31: 数据库巨头→AI 云基建狂人 | J31: 与 OpenAI 星门数据中心合作 | K31: 财报电话会/访谈 | L31: =COUNTIF(言论库!B:B,B31) | M31: 中 | N31: 「AI 军备竞赛」类金句频出
A32: 30 | B32: 贝索斯 | D32: Jeff Bezos | E32: 亚马逊创始人 | F32: 巨头掌门 | G32: 海外 | H32: 长期主义:幕后布局 AI 与太空 | I32: CEO 退位→双线押注 | J32: 投资 Perplexity 等 AI 新贵 | K32: X @JeffBezos(偶发) | L32: =COUNTIF(言论库!B:B,B32) | M32: 中
A33: 31 | B33: 苏姿丰 | D33: Lisa Su | E33: AMD CEO | F33: 芯片硬件 | G33: 海外 | H33: 务实攻坚:性能对标英伟达 | I33: 2014 接手濒危 AMD→十年市值百倍 | J33: Instinct MI300 撼动 AI 算力格局 | K33: X @LisaSu;CES/财报会 | L33: =COUNTIF(言论库!B:B,B33) | M33: 高 | N33: 黄仁勋表亲,「苏妈」对比叙事佳
A34: 32 | B34: 丹妮拉 | D34: Daniela Amodei | E34: Anthropic 总裁 | F34: AI领军 | G34: 海外 | H34: 安全派产品化 | I34: OpenAI 副总裁→随兄联创 Anthropic | J34: 与 Dario 共同创立 Anthropic | K34: X @danamodei | L34: =COUNTIF(言论库!B:B,B34) | M34: 中
A35: 33 | B35: 沙泽尔 | D35: Noam Shazeer | E35: Google Gemini 联合负责人 | F35: 技术大神 | G35: 海外 | H35: 技术信仰:规模化至上 | I35: Transformer 作者→创 Character.AI→2024 回归谷歌 | J35: 2017《Attention Is All You Need》合著 | K35: (极少发声)技术访谈 | L35: =COUNTIF(言论库!B:B,B35) | M35: 高 | N35: 「2026 加入 OpenAI」一说待核实
A36: 34 | B36: 沃尔夫 | D36: Thomas Wolf | E36: Hugging Face 联合创始人 | F36: AI领军 | G36: 海外 | H36: 开源生态布道→研究方法批评者 | I36: 纯开源乐观→2025 公开质疑 AI 研究跟风 | J36: Hugging Face 开源生态;2025 批评长文 | K36: X @Thom_Wolf;HF 博客 | L36: =COUNTIF(言论库!B:B,B36) | M36: 中
A37: 35 | B37: 亚历山大·王 | D37: Alexandr Wang | E37: Scale AI 创始人 | F37: AI领军 | G37: 海外 | H37: 数据决定论:高质量数据定 AI 上限 | I37: 19 岁辍学创业→最年轻亿万富翁之一 | J37: 2025 Meta 重金入股 Scale AI | K37: X @alexandr_wang | L37: =COUNTIF(言论库!B:B,B37) | M37: 高
A38: 36 | B38: 珀尔 | D38: Judea Pearl | E38: UCLA 教授;2011 图灵奖 | F38: 学者 | G38: 海外 | H38: 因果革命:现 AI 缺因果推理 | I38: 贝叶斯网络→公开批评深度学习 | J38: 《为什么》;「深度学习=曲线拟合」论战 | K38: 著作/演讲(无社交) | L38: =COUNTIF(言论库!B:B,B38) | M38: 中 | N38: 与深度学习阵营论战素材
A39: 37 | B39: 霍普菲尔德 | D39: John Hopfield | E39: 普林斯顿荣休教授 | F39: 学者 | G39: 海外 | H39: 物理视角看智能 | I39: 1982 Hopfield 网络→42 年后获诺奖 | J39: 2024 诺贝尔物理学奖 | K39: 诺奖演讲/访谈 | L39: =COUNTIF(言论库!B:B,B39) | M39: 中 | N39: 「AI 之根在物理学」科普素材
A40: 38 | B40: 芬恩 | D40: Chelsea Finn | E40: 斯坦福教授 | F40: 学者 | G40: 海外 | H40: 具身智能+元学习 | I40: 纯学术→机器人实训派 | J40: ALOHA 机器人;RT 系列合作 | K40: X @chelseabfinn | L40: =COUNTIF(言论库!B:B,B40) | M40: 中
A41: 39 | B41: 布雷齐尔 | D41: Cynthia Breazeal | E41: MIT Media Lab 教授 | F41: 机器人 | G41: 海外 | H41: 社交机器人+AI 素养教育 | I41: Kismet(1998)→Jibo 失败→AI 教育 | J41: 社交机器人先驱;Jibo 创业复盘 | K41: X @cynthiabreazeal | L41: =COUNTIF(言论库!B:B,B41) | M41: 低
A42: 40 | B42: 瑟夫 | D42: Vint Cerf | E42: Google 首席互联网传道师 | F42: 学者 | G42: 海外 | H42: 互联网奠基人视角:AI 治理与存档 | I42: TCP/IP 设计→警示数字信息保存 | J42: 「互联网之父」;TCP/IP 协议 | K42: 演讲/访谈 | L42: =COUNTIF(言论库!B:B,B42) | M42: 低
A43: 41 | B43: 郭文景 | D43: Demi Guo | E43: Pika 联合创始人 | F43: AI领军 | G43: 海外 | H43: 技术极客:AI 视频生成前沿 | I43: 斯坦福博士辍学→25 岁创业 | J43: Pika 视频生成爆款 | K43: Pika 官方/访谈 | L43: =COUNTIF(言论库!B:B,B43) | M43: 中 | N43: 英文名 Demi Guo(名单误作 Jing Wang)
A44: 42 | B44: 闫俊杰 | D44: Yan Junjie | E44: MiniMax 创始人&CEO | F44: AI领军 | G44: 国内 | H44: 多模态通才:不做单一爆款 | I44: 商汤副总裁→创立 MiniMax | J44: 2025 MiniMax 港股上市 | K44: (低调)发布会/官方 | L44: =COUNTIF(言论库!B:B,B44) | M44: 高 | N44: 上市时间与细节待核实
A45: 43 | B45: 唐杰 | D45: Tang Jie | E45: 智谱AI 首席科学家(奠基人) | F45: AI领军 | G45: 国内 | H45: 产学研贯通:模型即服务 | I45: 清华 KEG 实验室→智谱商业化 | J45: 悟道大模型;GLM 系列 | K45: 学术演讲/官方 | L45: =COUNTIF(言论库!B:B,B45) | M45: 中
A46: 44 | B46: 张一鸣 | D46: Zhang Yiming | E46: 字节跳动创始人 | F46: 巨头掌门 | G46: 国内 | H46: 数据驱动实用主义:AI 全面产品化 | I46: 退居一线→豆包成国民级应用 | J46: 豆包用户量登顶国内 AI 应用 | K46: (无个人社交)字节官方 | L46: =COUNTIF(言论库!B:B,B46) | M46: 高 | N46: 极度低调,素材靠官方数据
A47: 45 | B47: 林俊旸 | D47: Junyang Lin | E47: 阿里通义千问技术负责人 | F47: AI领军 | G47: 国内 | H47: 开源布道:Qwen 生态全球化 | I47: 阿里研究员→Qwen 开源掌门 | J47: Qwen 开源衍生模型全球登顶 | K47: X @JunyangLin;开源社区 | L47: =COUNTIF(言论库!B:B,B47) | M47: 高 | N47: 与周靖人(23 号)分掌通义技术与战略
A48: 46 | B48: 姚顺雨 | D48: Yao Shunyu | E48: 腾讯首席AI科学家 | F48: AI领军 | G48: 国内 | H48: 语言智能体:ReAct 范式 | I48: OpenAI 研究员→回国加入腾讯 | J48: ReAct/SWE-benchmark 论文 | K48: 学术圈/官方 | L48: =COUNTIF(言论库!B:B,B48) | M48: 中 | N48: 腾讯任职细节待核实
A49: 47 | B49: 彭志辉(稚晖君) | C49: 稚晖君 | D49: Zhihui Peng | E49: 智元机器人 CEO | F49: 机器人 | G49: 国内 | H49: 极客网红→量产实干 | I49: 华为天才少年→B 站百万粉→创业 | J49: 智元启元大模型;人形机器人量产 | K49: B 站/微博 @稚晖君 | L49: =COUNTIF(言论库!B:B,B49) | M49: 高 | N49: 自带百万粉丝,自媒体联动素材
A50: 48 | B50: 王鹤 | D50: Wang He | E50: 银河通用创始人;北大教授 | F50: 机器人 | G50: 国内 | H50: 产学研一体:具身感知 | I50: 北大助理教授→创业 | J50: 银河通用;具身大模型 | K50: 学术/官方 | L50: =COUNTIF(言论库!B:B,B50) | M50: 中
A51: 49 | B51: 朱秋国 | D51: Zhu Qiuguo | E51: 云深处科技创始人 | F51: 机器人 | G51: 国内 | H51: 浙大系技术派:四足机器人 | I51: 浙大实验室→商业化 | J51: 绝影机器狗 | K51: 官方/展会 | L51: =COUNTIF(言论库!B:B,B51) | M51: 低
A52: 50 | B52: 邓泰华 | D52: Deng Taihua | E52: 智元机器人联合创始人 | F52: 机器人 | G52: 国内 | H52: 研发-制造-租赁全生态 | I52: 华为无线产品线总裁→具身智能 | J52: 智元生态模式 | K52: 官方/访谈 | L52: =COUNTIF(言论库!B:B,B52) | M52: 中
A53: 51 | B53: 周剑 | D53: Zhou Jian | E53: 优必选 CEO | F53: 机器人 | G53: 国内 | H53: 商业化先驱:人形机器人第一股 | I53: 十一年坚持→港股上市 | J53: 2023 优必选港股上市 | K53: 官方/访谈 | L53: =COUNTIF(言论库!B:B,B53) | M53: 中
A54: 52 | B54: 俞浩 | D54: Yu Hao | E54: 追觅科技创始人 | F54: 机器人 | G54: 国内 | H54: 技术品牌:马达自研到机器人 | I54: 清洁电器→人形机器人扩张 | J54: 追觅人形机器人出海 | K54: 官方/访谈 | L54: =COUNTIF(言论库!B:B,B54) | M54: 中
A55: 53 | B55: 任正非 | D55: Ren Zhengfei | E55: 华为创始人 | F55: 巨头掌门 | G55: 国内 | H55: 长期主义:底层攻坚+教育为先 | I55: 至暗时刻→昇腾算力突围 | J55: 昇腾算力;内部讲话流出 | K55: (无社交)内部讲话/访谈 | L55: =COUNTIF(言论库!B:B,B55) | M55: 高 | N55: 内部讲话是金句富矿
A56: 54 | B56: 何庭波 | D56: He Tingbo | E56: 海思总裁 | F56: 芯片硬件 | G56: 国内 | H56: 备胎转正:极限生存 | I56: 2019 备胎信→数年沉潜攻坚 | J56: 2019《备胎正转》全员信 | K56: (无个人社交)华为官方 | L56: =COUNTIF(言论库!B:B,B56) | M56: 高 | N56: 「芯片女王」+备胎信,史诗级叙事
A57: 55 | B57: 梁孟松 | D57: Liang Mengsong | E57: 中芯国际联席 CEO | F57: 芯片硬件 | G57: 国内 | H57: 制程攻坚:三年追平数代 | I57: 台积电→三星→中芯;三度请辞 | J57: 14nm 量产;闪辞被挽留 | K57: (零社交)公开信/报道 | L57: =COUNTIF(言论库!B:B,B57) | M57: 高 | N57: 三易其主+三度请辞,戏剧性拉满
A58: 56 | B58: 陈天石 | D58: Chen Tianshi | E58: 寒武纪创始人 | F58: 芯片硬件 | G58: 国内 | H58: 学术创业:AI 专用芯片 | I58: 中科大少年班→十年亏损→股王 | J58: 2024-2025 寒武纪股价登顶 A 股 | K58: 官方/股东大会 | L58: =COUNTIF(言论库!B:B,B58) | M58: 高
A59: 57 | B59: 余凯 | D59: Yu Kai | E59: 地平线创始人 | F59: 芯片硬件 | G59: 国内 | H59: 软硬结合:智驾芯片平权 | I59: 百度研究院→创业 | J59: 征程 6;2024 港股上市 | K59: 官方/访谈 | L59: =COUNTIF(言论库!B:B,B59) | M59: 中
A60: 58 | B60: 汪玉 | D60: Wang Yu | E60: 无问芯穹发起人;清华教授 | F60: 芯片硬件 | G60: 国内 | H60: 软硬协同:异构算力优化 | I60: 清华副院长→产业联盟发起人 | J60: 无问芯穹;清微智能 | K60: 学术/官方 | L60: =COUNTIF(言论库!B:B,B60) | M60: 低
A61: 59 | B61: 沈亦晨 | D61: Shen Yichen | E61: 曦智科技创始人 | F61: 芯片硬件 | G61: 国内 | H61: 光计算先行者 | I61: MIT 博士→光子芯片创业 | J61: 光电混合算力芯片 PACE | K61: 官方/访谈 | L61: =COUNTIF(言论库!B:B,B61) | M61: 低
A62: 60 | B62: 魏少军 | D62: Wei Shaojun | E62: 清华大学教授(集成电路) | F62: 芯片硬件 | G62: 国内 | H62: 可重构计算架构 | I62: 集成电路教育→产业建言 | J62: 可重构计算芯片体系 | K62: 学术/行业论坛 | L62: =COUNTIF(言论库!B:B,B62) | M62: 低 | N62: 「东方算芯董事长」一说存疑,以清华教授为准
A63: 61 | B63: 张建中 | D63: Zhang Jianzhong | E63: 摩尔线程创始人 | F63: 芯片硬件 | G63: 国内 | H63: 全功能 GPU 国产替代 | I63: 英伟达中国总经理→对标老东家创业 | J63: 国产 GPU 突围;递表上市 | K63: 官方/访谈 | L63: =COUNTIF(言论库!B:B,B63) | M63: 中
A64: 62 | B64: 姚期智 | D64: Andrew Yao | E64: 清华大学教授;2000 图灵奖 | F64: 学者 | G64: 国内 | H64: 源头人才培养:中国 AI 造血 | I64: 普林斯顿终身教授→全职回国 | J64: 图灵奖;姚班/智班 | K64: 演讲/官方 | L64: =COUNTIF(言论库!B:B,B64) | M64: 高
A65: 63 | B65: 朱松纯 | D65: Zhu Songchun | E65: 北大人工智能研究院院长 | F65: 学者 | G65: 国内 | H65: 通用 AI 另辟蹊径:小数据大任务 | I65: UCLA 教授→回国领衔通用 AI | J65: 通用智能体「通通」 | K65: 演讲/访谈 | L65: =COUNTIF(言论库!B:B,B65) | M65: 中 | N65: 反对「大炼大模型」,差异化路线素材
A66: 64 | B66: 张林峰 | D66: Zhang Linfeng | E66: 深势科技创始人 | F66: 学者 | G66: 国内 | H66: AI for Science:科研范式革命 | I66: 数学竞赛保送→科学计算创业 | J66: 分子模拟;AI 制药 | K66: 官方/学术 | L66: =COUNTIF(言论库!B:B,B66) | M66: 低
A67: 65 | B67: 曾国洋 | D67: Zeng Guoyang | E67: 面壁智能联合创始人 | F67: AI领军 | G67: 国内 | H67: 端侧小模型:轻量化智能 | I67: 清华直博→创业 | J67: MiniCPM 端侧模型 | K67: 知乎/官方 | L67: =COUNTIF(言论库!B:B,B67) | M67: 低
A68: 66 | B68: 印奇 | D68: Yin Qi | E68: 千里科技(原旷视)CEO | F68: AI应用 | G68: 国内 | H68: AI 视觉→智驾转型 | I68: 旷视十年→更名转智驾 | J68: 旷视更名千里科技 | K68: 官方/访谈 | L68: =COUNTIF(言论库!B:B,B68) | M68: 中
A69: 67 | B69: 刘庆峰 | D69: Liu Qingfeng | E69: 科大讯飞董事长 | F69: AI领军 | G69: 国内 | H69: 语音+认知全栈:国产自主 | I69: 26 年坚守语音→星火大模型 | J69: 星火大模型;华为合作 | K69: 发布会/官方 | L69: =COUNTIF(言论库!B:B,B69) | M69: 中
A70: 68 | B70: 李宏伟 | D70: Li Hongwei | E70: 雷鸟创新创始人 | F70: AI应用 | G70: 国内 | H70: AI+AR:空间计算入口 | I70: TCL 系→AR 创业 | J70: 雷鸟 AI 眼镜 | K70: 官方/发布会 | L70: =COUNTIF(言论库!B:B,B70) | M70: 低
A71: 69 | B71: 楼天城 | C71: 楼教主 | D71: Tiancheng Lou | E71: 小马智行联合创始人/CTO | F71: 机器人 | G71: 国内 | H71: 技术信仰:自动驾驶系统架构 | I71: Google X→百度T10→创立小马智行→港股IPO | J71: 主导Pony.ai L4安全金字塔架构;2025推动港交所IPO | K71: (无公开社交)发布会/访谈 | L71: =COUNTIF(言论库!B:B,B71) | M71: 高
A72: 70 | B72: 唐文斌 | D72: Wenbin Tang | E72: 旷视科技联合创始人兼CTO | F72: AI领军 | G72: 国内 | H72: 技术驱动:计算机视觉产业化 | I72: 清华姚班→旷视联合创始人→CTO | J72: Face++开源生态;全球首款商用3D人脸解锁手机 | K72: 学术演讲/官方 | L72: =COUNTIF(言论库!B:B,B72) | M72: 中
A73: 71 | B73: 杨沐 | D73: Mu Yang | E73: 旷视科技联合创始人/SVP | F73: AI领军 | G73: 国内 | H73: 产品务实派:视觉技术规模化落地 | I73: 清华姚班→IOI金牌→旷视联合创业 | J73: 屏下摄像头技术商业化;安卓3D结构光人脸解锁 | K73: 官方/发布会 | L73: =COUNTIF(言论库!B:B,B73) | M73: 中
A74: 72 | B74: 邹昊 | D74: Hao Zou | E74: 清影医疗创始人;斯坦福博士;福布斯30 Under 30 | F74: AI应用 | G74: 国内 | H74: AI+医疗:技术降维切入垂直场景 | I74: 清华姚班→斯坦福博士→PIMCO最年轻基金经理→回国创业 | J74: 清影医疗AI病理诊断平台 | K74: 演讲/访谈 | L74: =COUNTIF(言论库!B:B,B74) | M74: 中 | N74: 金融科技背景跨界AI医疗,独特叙事
A75: 73 | B75: 张胜誉 | D75: Shengyu Zhang | E75: 腾讯杰出科学家;量子实验室负责人 | F75: 学者 | G75: 国内 | H75: 量子计算实用化探索 | I75: 清华硕士→普林斯顿博士→港中文→腾讯量子实验室 | J75: 创建腾讯量子实验室并担任负责人 | K75: 学术演讲/官方 | L75: =COUNTIF(言论库!B:B,B75) | M75: 中
A76: 74 | B76: 吴佳俊 | D76: Jiajun Wu | E76: 商汤研究院研究员;清华姚班 | F76: 技术大神 | G76: 国内 | H76: 视觉AI研究:交互分割与动作识别 | I76: 清华姚班→CVPR论文作者→商汤研究 | J76: 多示例学习物体聚类;交互图像分割 | K76: 学术/官方 | L76: =COUNTIF(言论库!B:B,B76) | M76: 中
A77: 75 | B77: 汤晓鸥 | D77: Xiaoou Tang | E77: 商汤科技创始人(2023.12逝世,享年55岁);香港中文大学教授 | F77: 巨头掌门 | G77: 国内 | H77: AI产业化先锋:视觉技术规模化 | I77: 香港中文大学教授→2014年创立商汤→AI四小龙之首 | J77: 2014年创立商汤;全国首个智能视觉开放创新平台 | K77: 逝世(讣告) | L77: =COUNTIF(言论库!B:B,B77) | M77: 高 | N77: 2023年12月15日逝世,商汤精神领袖
A78: 76 | B78: 杨帆 | D78: Fan Yang | E78: 商汤科技联合创始人/大装置事业群总裁 | F78: 巨头掌门 | G78: 国内 | H78: AI基建派:算力基础设施规模化 | I78: 清华电子系→微软亚研院→商汤联合创始人→智算中心建设 | J78: 商汤AIDC;全国首个5A级智算中心;SenseCore全栈 | K78: 官方/访谈 | L78: =COUNTIF(言论库!B:B,B78) | M78: 中
A79: 77 | B79: 何凯明 | D79: Kaiming He | E79: 麻省理工副教授;Google DeepMind杰出科学家;ResNet发明者 | F79: 技术大神 | G79: 国内 | H79: 视觉基础模型:残差连接革新深度学习 | I79: 清华→港中文博士→MSRA→FAIR→MIT;最被引用论文作者 | J79: ResNet;Faster R-CNN;MoCo;MAE | K79: 学术主页/论文 | L79: =COUNTIF(言论库!B:B,B79) | M79: 高 | N79: ResNet是21世纪被引用最多的论文
A80: 78 | B80: 刘知远 | D80: Zhiyuan Liu | E80: 面壁智能联合创始人/首席科学家;清华计算机系副教授 | F80: AI领军 | G80: 国内 | H80: 知识密度派:小模型高效训练 | I80: 清华自然语言实验室→参与悟道2.0万亿大模型→创立面壁智能 | J80: MiniCPM系列开源;大模型知识密度定律 | K80: 学术/官方 | L80: =COUNTIF(言论库!B:B,B80) | M80: 高
A81: 79 | B81: 陈冕 | D81: Mian Chen | E81: LibLibAI创始人;前字节剪映商业化负责人 | F81: AI应用 | G81: 国内 | H81: AIGC应用:图像生成平台创业 | I81: 东南大学→摩拜/滴滴/每日优鲜→字节剪映商业化→创立LibLibAI | J81: LibLibAI;2025发布全球首款设计Agent Lovart | K81: X @liblibai;发布会 | L81: =COUNTIF(言论库!B:B,B81) | M81: 中 | N81: 2025财富中国40位40岁以下商界精英
A82: 80 | B82: 胡伯涛 | C82: Botao | D82: Hubiao Hu | E82: 中国美术学院客座讲师;Reality Design Lab负责人 | F82: 学者 | G82: 国内 | H82: 空间计算+AI交叉:设计驱动技术创新 | I82: 清华计算机学士→斯坦福AI硕士→跨学科研究实验室 | J82: Reality Design Lab;空间计算/人工生命/密码学交叉 | K82: 演讲/访谈 | L82: =COUNTIF(言论库!B:B,B82) | M82: 低 | N82: 独特跨界背景:AI+设计+密码学+机器人
A83: 81 | B83: 贝小辉 | D83: Xiaohui Bei | E83: 新加坡南洋理工大学助理教授;姚班首届弟子 | F83: 学者 | G83: 国内 | H83: 计算经济学:算法博弈论与公平分配 | I83: 清华姚班2004级→MIT交叉信息院博士→微软学者→NTU助理教授 | J83: AAAI最佳学生论文;资源配置效率与公平研究 | K83: 学术/会议 | L83: =COUNTIF(言论库!B:B,B83) | M83: 中
A84: 82 | B84: 王君行 | D84: Junxing Wang | E84: 斯坦福大学博士;计算经济学研究员 | F84: 技术大神 | G84: 国内 | H84: 计算经济学:机制设计与公平分配 | I84: 清华姚班2010级→斯坦福博士→全球首位本科生获AAAI最佳学生论文 | J84: Fair Enough论文;近似极大极小值份额保障 | K84: 学术/会议 | L84: =COUNTIF(言论库!B:B,B84) | M84: 中 | N84: 姚班本科阶段即获计算经济学领域最高学生荣誉
A85: 83 | B85: 周鸿祎 | C85: 红衣教主 | D85: Zhou Hongyi | E85: 360创始人;奇虎360董事长兼CEO | F85: AI领军 | G85: 国内 | H85: AI实用派:大模型要落地才有价值 | I85: 2023拥抱OpenAI生态→持续推动360 AI产品化 | J85: 360智脑发布;AI安全产品全线整合 | K85: X @zhouhongyi;直播/播客 | L85: =COUNTIF(言论库!B:B,B85) | M85: 中

Sheet 言论库
A1: AI 人物言论库(持续追加)
A2: 序号 | B2: 人物姓名 | C2: 圈层 | D2: 言论内容 | E2: 标注 | F2: 出处与场合 | G2: 时间 | H2: 主题标签
A3: 1 | B3: 奥特曼 | C3: AI领军 | D3: 我们正接近一个奇点,但它会是温和的 | E3: 意译(中) | F3: 个人博客《The Gentle Singularity》 | G3: 2025.6 | H3: AGI时间表
A4: 2 | B4: 奥特曼 | C4: AI领军 | D4: AI能力随投入指数提升,成本每年下降约10倍 | E4: 意译(中) | F4: 个人博客《Three Observations》 | G4: 2025.1 | H4: Scaling
A5: 3 | B5: 马斯克 | C5: AI领军 | D5: AI可能比核武器更危险 | E5: 原文(英) | F5: 推特 | G5: 2014.8 | H5: 风险警告
A6: 4 | B6: 马斯克 | C6: AI领军 | D6: xAI的使命是理解宇宙的真实本质 | E6: 意译(中) | F6: xAI发布会 | G6: 2023.7 | H6: 使命
A7: 5 | B7: 阿莫迪 | C7: AI领军 | D7: 治理得当的强AI,能把100年的科学进步压缩到5-10年 | E7: 意译(中) | F7: 博客《Machines of Loving Grace》 | G7: 2024.10 | H7: 乐观路线
A8: 6 | B8: 阿莫迪 | C8: AI领军 | D8: 强大AI可能在2026-2027年间到来,对齐必须先行 | E8: 意译(中) | F8: 媒体访谈 | G8: 2024 | H8: 时间表
A9: 7 | B9: 哈萨比斯 | C9: AI领军 | D9: AGI有望在2030年前后实现 | E9: 意译(中) | F9: 媒体访谈 | G9: 2024 | H9: 时间表
A10: 8 | B10: 哈萨比斯 | C10: AI领军 | D10: AI for Science是AI最大的正向机会 | E10: 意译(中) | F10: 诺贝尔奖相关访谈 | G10: 2024.10 | H10: AI4S
A11: 9 | B11: 苏茨克维 | C11: AI领军 | D11: 预训练时代将终结——数据如同化石燃料 | E11: 意译(中) | F11: NeurIPS演讲 | G11: 2024.12 | H11: 范式转移
A12: 10 | B12: 卡帕西 | C12: 技术大神 | D12: LLM本质上是一种新型操作系统 | E12: 意译(中) | F12: 视频《An Intro to LLMs》 | G12: 2023.11 | H12: 技术认知
A13: 11 | B13: 卡帕西 | C13: 技术大神 | D13: 软件2.0:由数据而非代码定义的程序 | E13: 意译(中) | F13: 博客《Software 2.0》 | G13: 2017 | H13: 范式转移
A14: 12 | B14: 杨立昆 | C14: 技术大神 | D14: 自回归LLM是通往AGI道路上的岔路 | E14: 意译(中) | F14: 社交媒体/访谈(多次) | G14: 2024 | H14: 技术路线
... A33: 31 | B33: 王兴兴 | C33: 机器人 | D33: 人形机器人有望在数年内进入千家万户 | E33: 意译(中) | F33: 媒体采访 | G33: 2025.2 | H33: 机器人时间表
